0,1,2,3,4,5,6,7,8,9,10,11,12,13,14,15,16,17,18,19,20,21,22,23,24
-0.02142614451740482,-0.015702587698922632,-0.012256861820670345,-0.005888864327019627,0.0,-0.004872180474706972,-0.02016159110399568,-0.02794343550116818,0.0,-0.009819919458162352,-0.009548557422831588,-0.02961463417412455,0.038358119288106396,-0.0020783450364658534,-0.020965380648268916,-0.05218609810608593,-0.04323866799836609,-0.028110762365632536,-0.03827603104723054,0.02548709496886581,0.0,-0.025310036682067966,-0.05223206746104925,-0.004363985841996321,0.0
0.003728127431014111,0.04701728723549525,0.04329030222220609,0.015480450441086424,0.0,0.0,0.0,0.03465410372292069,0.009285119572506662,0.054556202823537736,0.03482791105851679,0.07562427028350083,0.008553778499824,0.006107132314140368,0.0,0.0929467395833613,0.010620543954561246,0.0754306285208689,0.0921515939450418,0.0,-0.02686570278390138,0.0016190041109962472,0.05127727903291768,0.0,0.0
-0.01815567532801854,-0.01978515857142149,-0.01507518092340665,0.031716923138308095,0.018998160903820394,-0.030028673177815657,0.021732428280355265,0.09913192691786121,-0.01972589504891359,0.027818134773767822,-0.007710473210387203,0.09363090762353443,0.03473323596805197,-0.022640458800394725,0.01960567602747154,0.08365036540804249,0.059193969843496674,0.007962005008400386,0.1438270441333065,0.03397341678152202,-0.011656024621902183,0.06740817551168243,0.05861673955901803,0.03011963585853919,-0.05703643408632353
0.0,-0.02692915289030884,-0.016007029339138,0.01338550789364043,-0.009362610330943377,0.01015612211956958,-0.010533836661011431,-0.018651946497048016,0.0,-0.04759379768470487,-0.011389876709250846,-0.022240716428139573,-0.018541808229316836,0.015419221077689504,-0.0034199096911429194,-0.039774017260743436,-0.018808352190542332,-0.01027982398117927,-0.05151981613771822,0.0,-0.00485135216730137,-0.03871375730367438,-0.04436721260919507,-0.015655280072810807,0.0
-0.01818470481617901,-0.03579736733540562,-0.011546678468074778,-0.024400671816981467,-0.008388041300254723,0.002888428126020859,-0.019824567043069452,-0.020514529440351592,-0.00958007126956334,-0.02086444974150259,-0.015111548598963048,-0.007324050730042608,-0.018548386249289006,0.024763761230959358,0.007974860282648627,-0.03641026750420137,-0.023309826700620984,-0.02309992546367394,-0.006923772548407148,-0.04243950239881111,0.005851623222274449,-0.00896167588285729,-0.04535751035668367,-0.031858022241746276,0.01727268198651416
0.011426139983628208,0.03856761927198471,0.0,0.024762578340342734,0.0,0.0,0.036842157608892895,0.06581850971366804,0.0,0.04513495343590759,0.0,0.039895755989201864,-0.0510935275645395,0.0,0.0,0.04910912588430161,0.07707798145337141,0.039242644836043505,0.0351417035912282,0.03744608363291649,0.0,0.05180103735557873,0.10449507267311237,0.02463693576295589,0.0
0.024402484689526438,0.0,0.04498899023582964,0.02189827168591771,0.013300642659288653,0.0,0.009393723589228853,0.05127580826290473,0.004469402334007527,0.05854475296643477,0.004935516568891241,0.07225427039568286,0.0,0.0,0.0,0.06596547262413077,0.0,0.039972646163310144,0.09124799376372256,0.0,0.0,0.03334840611336193,0.09430638991635698,0.0,0.0
0.048090826085253266,-0.015369104089578589,0.031380066896429415,0.03562192725714197,0.028820312983034113,-0.03738374861355061,0.009612971329442555,0.057181337194990245,-0.022685560792927772,0.07927959996622339,0.005364025217212048,0.05758439997249187,-0.025188263111076636,0.0,0.011769794054115323,0.0713299219312642,0.0,0.0755947871243558,0.09753030554817443,0.0,0.03446023780358887,0.0,0.05486576526666881,0.015533540869115958,0.01691162907622612
0.0,-0.02614352104904158,-0.045065297104974006,-0.020131207936082432,0.0,-0.07723848901740941,0.03693717334286749,0.06007147159197141,-0.04697553726169805,-0.026801265258597745,-0.02366889567170616,-0.03341997935799987,-0.11689432838267583,0.01836416628892602,0.024533123783180483,-0.009130615442699691,-0.017879752613548655,-0.03984097134176376,-0.05584032215744255,0.07303339755580762,-0.009489527753087888,0.07337561991532385,0.0660414593554279,0.10248862457767924,-0.05178872981503013
-0.0040520183971315404,-0.005815764170539334,0.004966580267916826,-0.017917620700590053,0.004816801400142179,0.013213145524950523,-0.019452153559212537,-0.028937562415072338,0.01101992185392725,-0.03357984378984252,-0.016520947518010837,-0.02091888551533419,0.03542064812748047,0.012185058862679482,-0.01437755626876748,-0.0293281783018689,-0.04088244759751772,-0.0033440102589989418,-0.025747518857007545,-0.047978330026442854,-0.013991106264332753,-0.05150171424156852,-0.04774166175322009,-0.024748912385170685,-0.004386962237248215
-0.005096075734524856,0.02448990943167556,-0.011025938702534044,-0.018215459133015144,0.0,0.03605457945918139,-0.028529863868408223,-0.04653791193911344,0.013297560485391352,-0.03409228723596924,-0.013539867291175123,-0.049482068856735784,0.05008601344944574,-0.009740866255106118,0.0,-0.05073994099318223,0.0584061569229167,-0.03187347976454252,-0.016504685432072064,-0.005399682697840524,0.014614949737298988,-0.057028922489748446,-0.10465235106459292,-0.06742183664355128,0.017888578244966646
-0.013971170819723655,-0.010672756697260477,-0.02395655257424517,0.011055467612894665,0.0,0.0,0.037831484099430934,0.041177274249728835,0.0,0.08691921171816802,0.0711925701106213,0.04557879259791027,0.030657505624338666,0.02734513757651935,-0.01523150722885469,0.05121094675505017,0.02777905566490335,0.0754425062285296,0.09338379735305868,-0.01117017396450104,-0.012749255526259107,0.0,0.10300011288244038,0.023439958116568516,-0.007957631810723842
0.0,-0.009324058536103935,0.0,-0.0019480244443313977,0.00794754462272207,0.017612809683238195,-0.028603171435848507,-0.03754025995684973,0.0,-0.03177794711181339,-0.011867252656436511,-0.037201485492115716,0.03406385697983516,-0.0018763339139692414,-0.007693028653194489,-0.015805177363714784,-0.021392279197346598,-0.009909607631586492,-0.03410238878789096,-0.03346495054695184,0.010281913385267433,-0.0657018940656739,-0.076564948195749,-0.03049047411404121,0.017997115284716425
0.0,0.04199529024161082,0.0,0.01635506878317633,0.01010370756795037,-0.033259930490022016,0.07114420622501649,0.10889497482847266,0.0,0.12215164226604325,0.025744298978002234,0.04852629047030055,-0.0343960562843047,0.008213255868007696,0.0,0.050558523141998435,0.013041202669822963,0.013957349029391053,0.04098243990428302,0.012846602229592746,-0.018200022393676796,0.053787660342882626,0.048439882970919834,0.010633117435355999,0.018785268183771242
-0.012410950706118529,-0.03353307990056992,-0.001826163321891311,-0.0014472760494220471,-0.0010335983162236273,0.0,-0.013919724737198547,-0.029761331411337688,-0.0031491055297335757,-0.03635083338856587,-0.0007106172982395687,-0.04167913644754556,0.03587911242284578,0.01693843842433758,-0.01556716204488151,-0.04231553940684013,-0.04929828700338318,-0.027810269261322115,-0.039360687658673454,-0.009238874745376685,0.008143273294996478,-0.03353328412695139,-0.026844677440648966,-0.01081928910470753,0.0
0.028914722171829665,0.04622284758237105,0.0,0.03932513705927726,0.01628142245673314,-0.040286056904870915,0.04495007183041233,0.13951769362707525,-0.011983288276960713,0.02555288922322163,0.024713758947929515,0.07693435906317259,-0.06972632079148211,0.0,0.01663491082769558,0.04145405037706762,0.07700820463958333,0.016567112003605222,0.06029654982281418,0.0,0.0,0.010349909868300755,0.07941546177138165,0.004666356007657968,0.0034949806617797785
-0.013064508777665962,-0.023600174654465372,-0.008968550335566428,0.0,0.004980147604680074,0.02440989255015852,-0.011457472634505417,-0.03557151372957751,-0.0005511233916186686,-0.03975635968007496,-0.016396533988118134,-0.019463634649065698,0.03209647511600294,0.012088978046391946,-0.0072924195929207625,-0.040756932713363614,-0.048860270387940496,-0.016601806931195062,-0.023998828030844743,-0.022758600127123108,0.017724805540901084,-0.04739552030624139,-0.04869675519264205,-0.04709686896208348,0.011436309409242673
-0.012999089438895734,0.024069638862318825,-0.007694993099265995,-0.046083623348224245,0.012897536647364899,0.017671524032349784,-0.014057042060648728,-0.026271353519542906,-0.007228011132936696,-0.03187218054375174,-0.007532145663445344,-0.019737786292939208,0.007474245465104473,0.01667633163189919,-0.013590018114904345,-0.027120012441497143,-0.012921240180892468,-0.02177146578544581,-0.02861799560214287,-0.01728661593897063,0.0,-0.04374420788803485,-0.06531593643593694,-0.03287510522779313,-0.011762963637399981
-0.02226728114627119,-0.004407229016228087,0.0073046267603180115,-0.02375839773071947,-0.004505082439074992,0.011160157321471131,-0.021935413000162718,-0.022111750858113732,0.004136548323487199,-0.02602236614639236,-0.011451441807007162,-0.024757684194553653,0.010084805498247251,0.0,-0.0024816138822267853,-0.06954554358334658,-0.028577768197811076,-0.02347274155306922,-0.03477006935576732,0.011864324585935615,0.0,-0.0270706393841878,-0.06615388054820365,-0.00778336704237001,0.006826691622392966
0.027934748628133388,0.026095960594549494,0.009557305721229925,0.013501917233598365,0.0,0.0,0.01894234972555675,0.08074146519139724,0.0,0.04919496791620748,0.016619499754929656,0.06003242876695192,0.0,0.0,0.008201410026534961,0.07919838335474538,0.006763677393964218,0.0306633338679336,0.08474198139604264,0.0,0.0,0.02416394406261685,0.0874824720777353,0.006468926256467555,0.0
-0.004155873890294398,-0.02292906654558151,-0.011850742362265021,-0.005698105032303169,0.0,0.0,0.0,-0.022930145237317845,-0.0035297552133631838,-0.037387278379669625,-0.021210513186443125,-0.011541683026286331,0.021134356737794235,0.0,-0.021036837205010983,-0.01991731141810521,-0.07009188619333284,-0.010966231420121791,-0.0384861967180429,0.0,-0.005040778976222293,-0.022732660826815965,-0.012019768881647463,-0.0401098521925336,-0.006950931733999299
-0.004617885948748582,-0.01736680181318684,-0.00912847603938921,-0.013939934184306169,0.006315976022422509,0.007754773798036008,-0.02170978489352185,-0.029059398367599437,-0.007027814304070651,-0.017578864961715318,-0.02378783789163491,-0.043039309223114275,0.02049165558399335,0.008887210179379962,0.0,-0.03486403313985523,-0.010681726511128226,-0.027696279064633317,-0.038876066730436566,0.0,0.006486009326454434,-0.03659859059354023,-0.07412097825368624,-0.008945048992838378,0.0
0.028161933575495096,0.005476147978993706,0.008947808593998907,0.04347406295650674,0.0,0.0,0.025551228964288963,0.0716299250813981,0.0,0.01669854581151986,0.0,0.030556846076665034,0.0,0.0,0.0,0.09279143821730235,0.0,0.049844334055229284,0.08055139220957985,0.0,0.0,0.06145546336190505,0.07677863329094398,0.03449345367608836,0.003893558118679641
-0.030499677014027463,-0.014007770526247132,-0.007151391262257667,-0.03457070182199823,0.01194328084056534,0.025935991485209628,-0.010606907859111836,-0.020832739898534444,0.01327198464928589,-0.03662343806397916,-0.007456785822212875,-0.036826758555582595,0.046027272523761986,-0.00041356514007784284,-0.016889924506506893,-0.039460233210834056,-0.02321036047128261,-0.006232097334841494,-0.03213187460785319,-0.01542845085954861,0.009503960746218731,-0.03704779810102796,-0.06945067866868015,-0.03746637744144682,0.0
-0.004795362050525054,0.018730225267886313,-0.003462922373001248,0.0054183661057640164,0.011145351106718548,0.01294691424874455,-0.03629473178229353,-0.042167162523976065,0.0034610652262673236,-0.047711292310504805,-0.0032265980575821585,-0.04482824842079791,0.01003840907999981,-0.010747396358749217,-0.00405935278491476,-0.03807068032375173,0.011262144156408943,-0.02145642638381734,-0.033839426821453245,-0.05614230180837937,0.006636828543059858,-0.030229842477460717,-0.06048941165735301,-0.008074451786033027,-0.0023862142440281287
-0.008063961138777165,-0.042515300611547235,0.0,0.0035893341099589304,0.013797432990091368,0.005897251254771918,-0.01629855345113656,-0.010552711219088684,-0.03913030519293148,-0.01062817074943806,-0.0026417073652440504,-0.02824503119787314,0.005936519117233252,0.015021036900023932,-0.03437534826716805,-0.014762210042413293,-0.07474271906925145,-0.009384734334006287,-0.03035815496578631,0.0036385643985547,-0.006859391506131685,-0.04530257799230042,-0.03400753248465804,-0.02736404918390467,0.017662188045782845
0.0,-0.01873701936038044,0.0,0.007155719828601886,-0.01719292294481206,0.0,-0.003508258867128175,-0.019761036543174626,0.0,-0.02056038561078144,-0.013341057139107382,-0.030676436563250253,0.019853052532507798,-0.0024129099647407642,0.0,-0.023114708959157237,-0.05571951241528944,-0.017552016225365882,-0.048728025498358335,-0.012160766188654665,-0.01590957052181452,-0.007526802438530433,-0.07060701670503947,-0.01607757599547399,-0.003088708674595708
-0.016143079841242386,0.019024509601297146,-0.021404298122959325,-0.018423199378981098,0.0,0.014883937070650055,-0.004579899624093164,-0.027181229353769598,0.01366371908377828,-0.023043079619520568,-0.012463810262470093,-0.0261522137673479,0.0,-0.01174251950344557,0.003683146153592526,-0.06030242457755236,0.03218348066617402,-0.03158697661175591,-0.0537039188402576,0.0,0.01002966217310472,-0.02557961697291629,-0.057400926546683495,-0.05052939317703328,-0.019918375649307485
0.0,0.0,0.0,-0.016383229557697443,0.0,0.0,-0.010510772225527362,-0.044217619472464414,0.0,-0.03372926051275971,-0.012506204184007622,-0.031014280909712172,0.012022531025052352,0.0,-0.0185569082949521,-0.03063118353979744,-0.02046330037962188,-0.013469198826137563,-0.021713479985370876,0.0,0.01323212981966651,-0.06761703108113565,-0.04664483849650715,-0.026910937575256866,0.0
0.05009354708842617,0.0701923071543758,0.009941641908482679,0.012042976790121895,0.0017198227613507977,-0.053829212174014485,0.02127523226345407,0.03878426909529675,0.0,0.04198379639418853,0.0,0.0353253541698563,-0.0701549826030839,0.0,0.0,0.073902591484994,0.05095595887891513,0.06262413030979513,0.07571597398385177,0.04440465554907169,0.0,0.08313400852852693,0.0753925455970392,0.029518359669600716,-0.022718204881654325
-0.005947079980769543,0.0,-0.0008693485014513169,-0.008400107973174531,0.0,0.0,-0.0018204580010262594,-0.024712496225923725,-0.002462359226618027,-0.04199605540372628,0.0,-0.02550740229883755,-0.006306850762124339,-0.004649330249122674,0.0,-0.0351294835176853,0.0,-0.02369176309490123,-0.04739954560671206,-0.04095610535259231,-0.008582493806683078,-0.021430305239639902,-0.06405473942646966,0.0,-0.005559303638715485
-0.001947808901470366,-0.018561645285684436,-0.02040433718677631,-0.013377017174065753,0.011339343989226036,0.021730979746956924,-0.004216412153799198,-0.020481676273643855,0.0,-0.023192708292972528,-0.005312152391358016,-0.02892564883567289,0.011953807870827254,0.009088817682095796,-0.014198696361236607,-0.018133349346124567,-0.030513643327745338,-0.03366131046108517,-0.06994842307374577,-0.022697150507754726,-0.010137605312604853,-0.03768794685664842,-0.034581123449612075,-0.02355696998675827,0.0077386208651445965
-0.029156759961984913,-0.016486251080920722,0.0,-0.025966904943494018,0.007570098523253521,0.01638002813849393,-0.01749719473129485,-0.04164701910843288,-0.025762654334625545,0.028664089833591866,0.0,0.0,0.020063599839170193,0.0,-0.007549394386421354,-0.03290533120628099,-0.017807745095886562,-0.039899362768097746,-0.05284622566590358,-0.01580911763133408,0.010201662772525572,-0.04684645726649511,-0.07629918965910826,0.004779263997875038,-0.008931243028792502
-0.006231488429816634,-0.010676336634136425,0.0,-0.018897216893922653,0.0,0.0,-0.017411554516300276,-0.04298212144838248,0.013465857119950186,-0.04135310676476828,-0.007776763225187083,-0.024352490493102535,0.034308588920066635,0.0,-0.0019868060962036083,-0.027976168284397085,-0.07278709918009257,-0.017291324224948557,-0.01769796921763278,-0.0054015672339346316,0.0,-0.03419343071796583,-0.05636546787152791,-0.013563823859450874,0.0
-0.006309233073464204,-0.019800801178787908,0.005583614148863381,-0.024385943887909434,0.016746316230105016,-0.007937837167307338,-0.021264287034218232,-0.03412654669608306,-0.025281542651163724,-0.028775174124676478,-0.015448660742918063,-0.015353858455792013,0.019806385466870413,0.012996066807064666,-0.013246320562822322,-0.047526940298601134,-0.03498178729362422,-0.015252563654918894,-0.046670776694437976,0.015786244205661847,0.009415598992110391,-0.03019468725201596,-0.06277380904475655,-0.00426562387975199,0.003592148710556242
-0.007328037776809626,-0.003034030565539081,0.0,-0.0070283415942398175,0.0,0.014938907532998036,-0.018130666474435564,-0.03471431050045132,-0.004295711560091009,-0.02687921517357561,-0.005966878698172862,-0.02354790292295944,0.04536353687110194,0.0,-0.017480340814384543,-0.048801260912300304,-0.03525492977355843,-0.03280642390614996,-0.04173430044775414,-0.017796589777879512,-0.0023209543762499063,-0.05488413566438877,-0.0628664325000409,0.0,0.015691044207236493
0.017725225241783993,0.02580094718059596,0.018631385457903327,0.03327141561471203,0.013836479797097012,0.0253960550790866,0.0,0.0049306629343730535,0.0,0.010335080347151082,-0.02126312591290319,0.018461264533981087,0.0639524263243968,0.004937669427840741,0.0,0.088034577634966,0.15596671316147992,0.05948964944694435,0.0794812273452572,0.0,0.0,0.0,0.0015711204863781414,0.02970928140636908,0.0
-0.010879291089554849,-0.035091957200651946,-0.004465300009194595,0.0,0.0,0.01832735628248544,-0.021414758234581943,-0.02702214534972902,-0.00797274051637864,0.017538504572354452,-0.010286170088777635,-0.010764409765016136,0.02759295355037053,0.0,0.0,-0.033611543291018564,-0.05201889611956556,-0.02465574967832157,-0.03166196411641642,-0.050331228195750255,0.0,-0.05753409871114423,-0.04709763839386019,-0.01615904576992866,0.009258216856449397
0.06719961680345704,0.0,0.013961573946675604,0.015092313881931024,0.0,0.0,0.02193298383584602,0.03908210714317678,0.0122205549776844,0.011992230411155602,0.012283819400913998,0.02776406928631936,0.007096801367236921,0.0,0.011405799900415764,0.09023455187464358,0.0177730694416339,0.033221300682182486,0.0826911724896052,0.051891653035632646,0.0,0.019314344948598516,0.09514680854148605,0.0,0.0
-0.002409475053976484,0.014523262378657947,-0.0005580667018808272,0.0,0.0,0.0,-0.02679824392117222,-0.041272690038363535,0.006179744286613498,-0.00907093044798618,-0.01165609024638603,-0.016315409114611594,0.02928563529454417,0.0,-0.006039235921816183,-0.019026637737370428,0.01571309742660946,-0.01802294909751795,-0.02433899564815327,-0.040132850999309785,0.0,-0.0572504637471955,-0.08190736651202174,-0.04304797712607983,0.0
0.0,-0.006878348217442931,0.0,-0.008871693920971868,0.0,0.015546490828532617,-0.03875553424581657,-0.036448742430481185,0.0,-0.0025320337369774404,-0.004461142849095517,-0.026060205553156024,0.0,0.0,-0.02413613726908062,-0.03653727566211823,-0.024955170642248087,-0.017279643073948636,-0.036295107030229534,-0.022064245107038416,0.0,-0.050659088344624764,-0.05995673685450805,0.0,0.010666722152761432
0.0646132917131014,0.04208777440084854,-0.012916215756122673,0.005204274976046586,-0.021639599487560113,-0.03457245251630692,0.047755047094999004,0.0683225277025876,0.016271183642808773,0.06931439207881596,0.009647400474575352,0.03696455474958993,-0.0172789030976096,0.0,0.03668474257777607,0.06898205596708107,0.05971953945125852,0.01845750378534744,0.01599481419218879,0.08960761650311433,0.003842880644280011,0.03183648706576647,0.06417925713110095,0.0,-0.032773401325092655
-0.03033103427678796,-0.0181948431559662,0.0,-0.003663522366146199,-0.010500230382631037,-0.003596938252457993,-0.010577337922697494,-0.0258762895541724,0.0,-0.01716723642375584,-0.0278703592164673,-0.027566840637166856,0.013616507051592733,-0.0011549315083246303,-0.008323646764206938,-0.056548420266441746,-0.038069377327795445,-0.009159770976792603,-0.03846679182880122,0.0,0.012719414459461509,-0.023416944494913522,-0.039410413208254,-0.006086034151541464,0.0
-0.002207945578518833,-0.0055566791644378055,-0.005831636838138837,-0.010515152321356358,-0.004905078962660014,0.009249859454159903,-0.01389899555737345,-0.04292648532837337,0.0057539226615309635,-0.029358410026956827,-0.01538334106415179,-0.029875130415820794,0.00998359485729805,-0.01955388337614497,0.0,-0.03373227125563294,-0.01729747818971447,-0.011333219306453701,-0.046080714009878315,0.0,-0.0015610932071130623,-0.022915553238486902,-0.06344595155952393,-0.029438515377956276,0.011338365665606476
-0.01969886571638607,-0.02552337916667513,-0.021420913979789957,-0.018400514904103327,0.015597758767944891,0.007260482643310362,-0.018636175121290455,0.0,-0.009512037203340817,0.026118826634404013,0.0037089395164683903,0.005061237460861512,0.02149177434950622,0.00773961921509525,0.008560126132636625,-0.03517412862948126,-0.0615290151104434,-0.024160069755260027,-0.04464741918619636,-0.014685832937595344,-0.0030756153725404467,-0.0532290387183213,-0.05862724226343796,-0.0596241857220165,0.007159294002716865
-0.013083430591019615,0.002782409084723672,-0.01231696939022181,-0.011858152640835382,0.0,0.02348331072378848,-0.02513924025185038,-0.04116145424932334,0.011381518850174688,-0.042843717670463854,-0.015968481144324212,-0.04034132258343409,0.02839642407668716,-0.004489462197288879,0.017749657566357768,-0.06906044525851267,0.0,-0.04908789607794145,-0.05911697436339167,0.06210297702488074,0.0,0.0,-0.07747100449951211,-0.038788109680751026,0.0
-0.031311976307243014,-0.01650665757450187,-0.025261777122333462,-0.0190021991213144,0.00729093538613329,0.008305270702831935,-0.03049340242386922,-0.06198872135117428,0.0,-0.001714127828338352,-0.012780709558747022,-0.02364164030425847,0.010455261762846696,-0.005266880600598822,-0.007311691008685867,-0.04790131041845053,-0.039073703398740764,-0.03945263922091913,-0.032805239165127786,0.02971012186863753,0.01984009498501854,-0.023001419803980627,-0.06398491730107869,0.04108696264323225,-0.00487548568842
-0.025695017265252806,0.03091919542438909,-0.018406240859224765,-0.0062196618330633835,-0.01813475270349063,0.013153970232706091,-0.0021904950924794275,-0.0497989770154495,0.0,0.012040014341969316,0.0046403488086254885,-0.012742914229932012,0.026339409893166632,-0.0018958611650616852,-0.008079098752204208,-0.06867514601584657,0.022416700502276843,-0.040928016390802735,-0.03403805978568682,-0.02652252863247645,-0.0013818526816162802,-0.042647143910900465,-0.0965597053049781,-0.025295875117980232,0.009729063449121556
-0.01798409270860926,0.0,0.0,-0.01517542134032629,0.0,0.0,-0.017865779723555075,-0.03488625639314649,0.0,-0.030471806317803718,-0.012311575385094628,-0.040211875034226685,0.026476031827644436,0.0,-0.01639289362919974,-0.049999131725057155,0.0,-0.0338556088267043,-0.053651465353328154,0.01956583956041503,0.0,-0.01899984228839513,-0.07161804646717246,0.0,0.0
-0.026143188032156095,-0.021530310850759238,0.00505576869101787,0.0,0.005746234926250149,0.005354382463689689,-0.004409924352565021,-0.0142001310021726,0.015922423867147872,-0.02313790876684746,-0.04023875555547779,-0.023226491372016156,-0.003786187026558474,-0.002723627157497188,-0.011855798520636784,-0.03303019615076319,-0.02144580095431703,-0.0051592660115143685,-0.047846669614214576,-0.04727751851784079,-0.0027353983710346474,-0.0029708453481657737,-0.025912832865024577,-0.047041296029105395,0.0029210657370359883
0.02297138753670651,0.051284109477211404,0.030655092541300277,0.018890443440448046,0.0,0.006353420777872015,0.018917465561504754,0.04818174755451088,0.0,0.0,0.0,0.0043107901635204005,0.016028458403532397,0.014047642392553683,0.0,0.07095409790996066,0.042875041652307044,0.025767795570988794,0.05027487948784426,0.040097326292247853,0.0,0.0625680272487239,0.07411449443020138,0.03201255152716054,0.0
0.0123843609897058,0.034363224154707495,0.014040694297373535,0.01331236263656832,0.0035150312830286023,0.0,0.026974353853455535,0.048109760941826674,0.0,0.06726982318130964,0.016165111668307253,0.04482034086804543,0.0,0.0,0.006024833054670498,0.08117296364044513,0.02978682311723889,0.03669531956385419,0.04316841037898245,0.022539621229414886,0.0,0.04118576377774774,0.07257747385171986,0.016198499480192807,0.0
-0.022357152737684127,0.031375179126248764,0.0,-0.023298842262140018,0.0,-0.06294262779050708,-0.014064830638617465,0.0,-0.02131872029152382,-0.07788666529540172,-0.04101997661924067,0.0,-0.05465837439261476,0.0,0.01908838932249754,-0.06372897018865215,0.0,-0.04196483320336949,-0.06764980408010153,0.0,0.0,0.038648422007576844,-0.049828819049409834,0.11007021791942567,-0.011519552072580597
0.0,-0.04728347425412424,-0.019871937228062908,-0.0027309811811251916,0.0,0.0,-0.00670762521313617,0.0,-0.006139413282533868,0.019491343166225417,0.016152910745819732,-0.0077839464473255515,-0.01242722116903816,0.0,0.021951593469089363,-0.038325677187176305,-0.08863967990165217,-0.030353807082090567,-0.0347092952601864,0.0,0.0,-0.028453148880218687,-0.04256251306640424,-0.06082824000790171,0.0
-0.013990391058011975,-0.016313150768940493,-0.014176222205973948,-0.007065013507108003,-0.005222167904809727,-0.0033211368183584666,-0.009207811043538724,-0.008609385207934472,0.0,-0.020982028574876382,-0.005518093517654393,-0.028793160666483186,-0.03479800490816734,0.0,0.0,-0.020044161306640162,-0.03511606482058888,-0.01528497905020515,-0.01931890113864171,-0.0033915598050525964,-0.002374352818801273,-0.03347223316331721,-0.05688631499593527,-0.01580849211815577,0.0
-0.011387586776690967,-0.01301161417335428,-0.0115476347973818,-0.011975986191602922,-0.007323707390235246,0.015132684162538157,-0.004064647660126042,-0.034120292348582604,0.007941274617952743,-0.03488187535558113,-0.01280609877085459,-0.030074051003389557,0.028397326724410872,0.0,-0.0035066130949618912,-0.029746473428737596,-0.030436655680536856,-0.027499989590400786,-0.03453268839427098,-0.015428882060348093,0.005708197892957789,-0.037826201015939365,-0.03389760074524478,-0.054302396100875394,0.012613562204447204
-0.019710217483680903,-0.010145964785171768,-0.009848881345472231,-0.003937729294006487,-0.0053279415783017425,-0.001706824263620621,0.0,-0.04017567676948505,-0.0028259700464882687,0.0,-0.021310493379217477,-0.02136117664245131,-0.004835236316694191,0.0,-0.006808229494548734,-0.03520521423444434,-0.032399740328501236,-0.04837455437670046,-0.04099814925748152,0.0,0.011650133537898871,-0.02300108037878784,-0.026016656075796896,-0.02734905301133478,0.0
0.033376740271111205,0.0,0.0,0.04886197090054592,0.017303708619247737,0.0,0.012294261796242045,0.04914424883731522,0.0,0.016701650610577046,0.050064197883174344,0.07311760999233913,0.0,0.0,0.004372108352464973,0.06728846192880816,0.03984499563124372,0.04165672490265171,0.04760400707812579,0.0,0.0,0.05049207956214144,0.07818200560260635,0.0,0.0
0.0,0.0,0.0,0.0,0.0025246052089870075,0.0,0.014118321539302203,0.051315952946809296,0.0,0.0,0.0,0.0,0.007201448703808289,0.00712130010068851,0.0,0.024699947443941828,0.0,0.0,0.0,0.06894007658951334,0.0,0.12627430670573647,0.3156071080077162,0.0124992013270111,0.0
-0.009888137506647465,-0.03240440009712138,-0.0061060458694333075,0.0,0.0,0.0037677475336241606,-0.01264763053178175,-0.012440515178944622,0.0074241159259002265,-0.029674069475746634,-0.018587982943145342,-0.05497839663316462,0.02050042109591549,0.006866657424893174,0.0,-0.028250431267814624,-0.04517621900892946,-0.027318115240361818,-0.026021314521780844,-0.008448080903564317,0.0,-0.022714699371670297,-0.03421527153670795,-0.03937761639874876,0.0
-0.02230821772483127,-0.008456423228025756,-0.008396292312191772,-0.012624535118013702,0.0,0.0,-0.014985719294476951,-0.028958594485930578,0.0,-0.032615412379724096,0.0,-0.030547866183204708,0.016428395947728824,0.0,-0.014833427534174604,-0.032756835598686126,-0.008839637464175987,-0.025380183840763543,-0.024602752501636904,-0.007849375709182371,0.0,-0.04002420987713756,-0.05824992564892428,-0.014073756104482138,0.0
0.0164832169527713,0.021209350137463057,0.033666615651728016,0.02027006729018721,0.005129337247688159,-0.028018597525250655,0.009983663565036549,0.06146030673906616,0.0,0.04984268720745322,0.0,0.0633622126798946,-0.021554814725782745,0.008367443348353154,0.014487710311724904,0.07171743425858135,0.0,0.03760209352979915,0.06938287573782853,0.011833748117759058,0.0,0.035206336895771795,0.11274687362945324,0.03712621091906876,0.0
0.03399622071851549,0.002168548961591077,0.0089728007503036,0.016618909174246577,0.0183731817172339,0.0,0.03877005040464021,0.04114611620256692,0.0,0.08902284155026041,0.013847282173741413,0.0819891200202415,0.0,0.0,0.008364815109947021,0.0382133544288219,0.013862103018424832,0.023912511952549842,0.07666331688750688,0.012520416419938285,0.0,0.026596900195972606,0.08526628228209232,0.0,0.0
-0.010216147472726256,0.016269860863796753,-0.002831897768242095,0.0,0.0,0.023075357003760788,-0.026359272841493843,-0.03735234141165519,0.007496675165257538,-0.03238491091693607,0.0,-0.032118406861276316,0.023288875327519443,0.0,-0.0052630888612072435,-0.02875049349771061,0.029173365808150276,-0.014589758618900231,-0.031220391192507857,-0.05700929099558483,0.0,-0.043872022361821555,-0.08703288652462801,-0.05466986534863735,0.015480716442582365
0.0053412910852648765,-0.01788514100414834,0.0037974378279660853,-0.002867538323360924,0.011771199217894712,0.01544878038481165,-0.03992950993617855,-0.04015623874150115,0.00912640582637858,-0.02397325310702192,-0.00889452784023581,-0.046004739281288703,0.03529245790685695,0.01832244010016648,-0.002558147795400978,-0.05255755800655748,0.003683873396125109,-0.037676299530753576,-0.019856105419771897,-0.03976234420859388,0.010737210234843919,-0.044232097336828535,-0.07537714178544291,-0.034077533032210616,0.0029945831585227456
-0.019740623668523374,0.018915438024814192,-0.008532826398263194,-0.01767385774272598,0.005369840220118716,0.01308365908167608,-0.013931345399501666,-0.03724144450771011,0.026788299679943478,-0.024383447572137118,-0.015731547343566826,-0.03587056182304388,0.0,0.0,0.0,-0.05534457218364655,0.04415480814006978,-0.03893472309922079,-0.05968507387858335,-0.048534167298429284,0.0,0.01081521888071818,-0.023243021516922063,-0.023635895003942392,-0.011930327720597267
0.018896844434283022,0.0451300197618516,0.0,0.0,0.0,-0.021551579971162305,0.026832599887506525,0.029049804564091508,0.0,0.03514020690707598,0.005796240772767969,0.029681313429835376,-0.028973303260602046,0.0,0.0,0.03369637310965817,0.03985122196015306,0.04088513363164037,0.038144880968395856,0.084685229873246,0.0,0.14145870371390146,0.10064396793778324,0.034528590135667336,-0.023591475887498436
0.016904644975740346,0.04494799539205316,0.0,0.0,0.0,-0.04809097540658108,0.042509093055693836,0.0689206310828403,0.0,0.04105420270186372,0.029157214313517504,0.06103327726502952,-0.04053098330984814,0.0,0.0,0.029489441350946055,0.0,0.046251815707157085,0.042414398111891405,0.023405913654817367,0.0,0.08203847132409936,0.10029413968583625,0.09050549206353808,0.0
-0.013255477626650108,-0.021644700116937032,0.007401768659430222,0.0,0.0026387870748386943,0.013378888770093175,-0.025538835388333403,-0.038845989396745995,0.004198063165165938,-0.039581721866230074,-0.013688250533066618,-0.024545327262236946,0.0431943262373258,0.015443887199431489,0.0,-0.03624840124242128,-0.01066777483392585,-0.0384383635097848,-0.0425378362560796,-0.021146160686491722,0.013023933800563027,-0.054845303998709016,-0.08095969846324985,-0.003060215433501823,-0.003754746739100867
-0.007204887504372759,-0.001800086070473883,-0.013835067394486644,-0.010727068910094839,0.0,0.0,-0.02052533243835361,-0.03186801121378899,0.0,-0.031295971651105536,-0.006417893957729626,-0.03177645317920513,-0.008498943384503826,0.0,-0.005163366677109593,-0.04280284217158847,-0.04751393731664644,-0.016964765044629182,-0.03842980386998052,-0.01414145427718283,-0.00014627946700412897,-0.009487633331527634,-0.049690602227217884,0.024820012854895074,-0.005254830561064738
0.04468231385177013,0.02684467367659217,0.0,0.020288879661479853,0.00737877454674013,-0.035549154699543284,0.05126723724245913,0.06294744543943565,0.017996591488577574,0.0640985999886895,0.015252686876555677,0.052630797317029854,-0.05849688846109159,-0.014184010632131427,-0.013325426994399314,0.0,0.07537395457249185,0.0,0.057677654888703855,0.048781225754134905,0.014568804364975318,0.052233511480636485,0.1246896306674527,0.02973396100175041,-0.014586490063714708
0.03191980689779572,-0.010415766649259584,0.04779542359824218,-0.009556011466587494,0.011205657696097604,-0.027612904264200266,0.0,0.01833631067605035,0.01950586839838575,0.039881735966142084,0.01956374134718708,0.02147313911586335,-0.03309085579303661,-0.021028818767524493,0.008033051132781965,0.05569232590863438,0.049052058379237096,0.0351508539263683,0.0785391045316568,0.037626006586611416,0.0,0.04819197363035155,0.18039510278262805,0.04730542142399047,-0.017658453088820858
-0.010482475994915197,-0.009880884907030762,-0.014841939294558681,-0.011367321217279291,0.004573959979155079,0.01850703586003427,-0.03197447586223065,-0.033802541334384484,0.0,-0.033143001969740696,-0.012409792305109545,-0.03766619617178757,0.02953195275618939,0.013326277891798383,0.0,-0.029094975439414972,-0.010236195022914674,-0.006010184589736706,-0.029223220771751785,-0.03739568109590674,0.015264894719320021,-0.0626442821465783,-0.044529497637613324,-0.03901673616250512,0.0032698362908467615
0.04840542036975175,0.036597463162710286,0.013738585147132998,0.01425458098206886,-0.028564496482922058,-0.03934790187962925,0.06555095641730158,0.08587244940233585,-0.005929327263743955,-0.012241967055824532,-0.023738017546515833,0.009056059015852297,-0.05950111348446968,0.005141652075110886,0.018548501492184566,0.041486197039904915,0.0529687901555711,0.05638911415462522,0.03538118827456338,0.03711880643743837,0.0,0.09825580994333544,0.17399141789933253,0.025082112349620433,-0.018211508637140272
-0.00629365045957881,0.02796825746367887,0.0,-0.04280675244111559,0.004280147989752736,0.006818709354430685,-0.020565976003634134,-0.043758192072439805,0.0,-0.003234236877273311,-0.014683154346275928,-0.03349976410314237,0.023395211043142683,0.017758708393560696,0.006984091406200821,-0.05518704031093491,0.016634811961320994,-0.04156542834984628,-0.04621703091654389,-0.015508150385887376,0.0,-0.03613273615854104,-0.10150453733365103,-0.005343744097757175,-0.006864927527176767
-0.004536677455717009,-0.029041307760297175,-0.009719969056997457,-0.01568309865148826,-0.000730332762559488,-0.0020083253819691005,-0.014608811270071353,-0.015463308209010568,0.0,-0.036293353526984484,-0.014998319532436688,-0.03236075989951384,0.022143906492269966,0.010479636112287805,-0.008709482717993294,-0.03570446495485696,-0.06272172076930413,-0.017057119939774434,-0.03181856332909658,-0.008655233624533576,0.0,-0.03861740882750209,-0.015660196772160247,0.0,-0.0077859269539742315
-0.0049611395936297875,0.0,0.0,-0.005302131626140294,0.0,0.017590404502369095,-0.028223772873716996,-0.038256047169834634,0.008889697253990636,-0.034659163901434586,-0.015563459681608938,-0.027311220129139502,0.030357865604037956,0.0,0.0,-0.019724786013075035,0.017933462914056786,-0.014684681744824013,-0.034065564766820794,-0.01002081676404376,0.0,-0.06763160403326401,-0.07252266787083841,-0.06049644936559867,0.0
0.0,-0.0977420886574541,0.0,0.0,0.0,-0.05869888868944856,0.06857123091332162,0.06091107506944893,0.0,0.0940198648376731,-0.08869255279704868,0.07852908244017398,0.0,0.03464729912689496,0.036696260412794446,0.05061621214691664,0.0,0.07359883957867075,0.0,0.10207619216071206,0.0,0.09270730850334863,0.0977565758758952,0.05051850079813014,0.0
0.005401475418935736,-0.024682706654997277,-0.0003320772092569313,-0.014292991698537039,0.0,0.01087808261478529,-0.04887585877596107,-0.019624249086153317,0.010886039655106858,-0.026269150354533366,0.0,-0.026664344686449848,0.017041815999976173,0.0,-0.00942105458191625,-0.03033761318909245,-0.020806885923801255,-0.017296529805643057,-0.039076551512885416,-0.014713992420845187,0.01620338490783907,-0.02271130364516405,-0.07131833591873799,-0.04367684895836871,0.0
-0.016115082861972663,-0.036218210680740714,-0.006886754475493029,-0.015257793040194971,0.014770119467359677,0.008374792922537955,-0.01282751034535895,-0.0243791352620204,0.0,-0.03131000638399234,-0.012111496174332381,-0.037628216688602834,0.0147210814426596,0.0,0.0,-0.0497245362344953,-0.050490126772346766,-0.029242540901350478,-0.06141184796879015,0.018149318830254224,0.0,-0.02982987190916675,-0.02175971906071078,0.009687951627719127,0.0
0.018935974648407627,0.04717713728702082,0.019068892473084575,0.008598467690538958,-0.02616057666017657,-0.03925371923104215,0.028056391919155738,0.019820291322939165,-0.03801885652962134,0.015026993105057174,0.018455500802203983,0.0770443133991652,0.015831622765179465,-0.016647632663368717,0.023283604128145674,0.09952242522046545,0.0962622590506872,0.05271090642574672,0.04506027887791719,0.05025499992415422,-0.025406345002460334,0.019443934544647712,0.03138726621454957,0.08613986678212418,0.003710775474073391
0.005288542142832697,0.0068617249375999,-0.02471271565723987,-0.00944448676609047,0.0,0.01321028110971123,-0.03332694770632788,-0.020847772976838305,0.004383807353477737,-0.014256415724129168,-0.01969013163887362,-0.04996062778966742,0.03430491344189972,0.013525462134143573,0.01180929925712726,-0.044353869499882626,-0.012337096288257021,-0.012979307787650163,-0.03300005870436108,0.0,-0.02894597103419161,-0.05109119212870453,-0.06627925368507431,-0.023967009319611043,-0.01387371456034614
0.019578530986914755,0.031190763554548362,0.0016042975201422394,0.01553730048860344,0.0,0.0,0.048583759942064986,0.048298315328811375,0.0,0.06556431050438355,0.013444716477522517,0.03890411350019504,-0.03956092984459739,0.0,0.0031051539213277635,0.04149022204961067,0.09268791512395747,0.02487664109141735,0.023558460016685157,0.016031442501848903,0.0065423677646307965,0.0719313218883097,0.06851333758525313,0.03789248864704309,0.0
0.017527032696671274,0.0050680434838566435,0.006270344090225921,0.018059452665827203,0.026011858375925345,0.0,0.018971929761587902,0.058623471862346094,0.0,0.07844991683099806,0.0,0.049421476310030577,0.0,0.0020842013229587786,0.0,0.06282298028295619,0.0020887422976972325,0.052816690866821336,0.07708928207660423,0.0,0.009755467877505586,0.05827141687933818,0.08196970020352207,0.0,0.005002764083722244
0.020538396615412513,0.039438749025935804,0.0315362473635165,0.026806924487388195,0.0,0.018294239220862707,-0.029009232048559985,0.014065138149021994,0.03493113103822976,-0.013089819816202497,0.012957020805040464,0.05368736579678529,-0.019935486408456327,-0.029985848378246582,0.09638754478780442,0.07237965046792805,0.1282540201275899,0.05393658926264297,0.07702807317434668,0.0,-0.006821297640304702,0.0,0.09352161597169478,-0.06051280773373657,0.015896557699901392
0.01901048957248541,-0.008852770574453495,-0.004183286092580563,-0.01969991468689214,0.04081920303726272,-0.06530143357771823,0.04352145369270244,0.08126243103614411,-0.004212736794981353,0.13604019982862736,0.04706210304717959,0.0630425162702487,-0.04392727851530909,-0.03554649455429035,0.006208952549038971,0.040075786962769366,-0.015507669160884127,0.04305528704386652,0.008386158765193996,0.051849362847180336,-0.023706704864429162,0.036507477334617955,0.20090661205649896,0.03349502674631688,0.0
0.06273678816176526,0.020204214300808432,-0.03515157387550026,0.014611383066794437,0.026069401417679217,-0.04582075517580797,0.02990328624463151,0.06395988422365723,-0.016660709820259523,0.018143247692060216,-0.015317140362196335,0.010687879482379092,-0.07083951283220835,-0.035002479629461195,-0.007049670596477875,0.004337218192816572,0.09928545199766448,0.018829506022627285,0.03049825793846861,0.07686698586878654,-0.019666834792760046,0.23484257891458005,0.1098823217787113,0.12466629186044309,-0.06971124811060692
0.05050681961170694,0.016401628423231118,0.006149865744404348,0.023089381050996616,0.006701874501835625,-0.020919855702661194,0.08813141931655888,0.0342446956080491,0.018768109525592824,0.13080402000771973,0.04234939186789605,0.056225388378902064,-0.0649535473178271,-0.016399056961300063,0.0,0.06276256478456943,0.011302156064669111,0.05556284707032577,0.01914264694704576,0.01229895167009637,0.0,0.029542196298026124,0.08099600881059818,-0.012402733731840865,0.0
-0.012802016986604124,0.008734603595694834,-0.019878980333436158,-0.027455082098806358,0.0,0.003118510773744143,-0.016071386719834574,-0.028281361901662055,0.021894373003594925,-0.055762832372717286,0.003042514473487329,-0.033506776554796,-0.015296809400709821,-0.014837553573546436,0.008790110160103781,-0.024451511106468926,0.008752446610680392,-0.02350533325025872,-0.040078719962997444,-0.0313814722812823,0.0,-0.019791378687860073,-0.010677175624803872,-0.037927205280884835,-0.012227909861085962
0.0,-0.04312452812402745,-0.015811318145732445,0.0,0.0,0.0,-0.01582185436387855,-0.017664505199700517,0.013301905655304619,-0.03666436551250088,-0.026074560220198745,-0.03003535424791584,0.0,0.0,0.0,-0.027613823171896756,-0.03461183914513216,-0.019534195596878606,-0.02088602538914877,0.01870430308367048,-0.002035315899332285,-0.023661503522001637,-0.03290363934411608,-0.04845724889498998,-0.006660518553796013
-0.008809678746251687,-0.012730371403134697,-0.00790023072876489,-0.009831746213597836,0.008283138071176449,-0.001152116648312107,-0.024197438238035163,-0.032982989281451436,0.0,-0.01864399676309332,-0.01565948862952446,-0.0410462038686612,0.025767158681635816,0.0,-0.012869545150265393,-0.03416579041010659,-0.024880456032061016,-0.021505872782943664,-0.04800769015264633,0.0,0.0,-0.03049272514899054,-0.06605758831140607,0.008386166606597079,-0.000872791809890805
-0.023615308789193434,0.011077957846877463,-0.013014282034332577,-0.010175097524377022,-0.014689734446390018,-0.04505981410751979,-0.02919483938406668,-0.04563589801969034,-0.008598412080280185,-0.09468094251671552,-0.019629126523790966,-0.04861130217624571,0.04322532808527179,0.04219220164898088,-0.005579521761690576,-0.017212071587716565,-0.03180402535588717,-0.018660218318943298,0.010471964094714542,0.09186651671456778,0.009517811000797224,-0.03168132034966323,0.03569683155921431,0.09241693895548275,0.013707745029456153
0.0,-0.025647173212259566,0.0,-0.0034019373743436054,0.0,-0.009698207072500908,-0.028080071870313916,-0.0052759401326493705,0.0,-0.012920687105975492,0.0,-0.01593627598232128,0.0,0.0,-0.001440984035655929,-0.004406843725271503,-0.06005874949476553,-0.007933168411950575,-0.02529731147706471,-0.02237869855379082,0.0,-0.03499241467424574,-0.050211937719325875,-0.060578114037336594,0.0
-0.005037276635841692,0.015838419821652905,-0.009083270502730778,-0.007668209936390974,-0.005065112221414647,0.022821417188177318,-0.01648928083946838,-0.047880860282146664,0.047113765714415584,-0.020786663093934732,-0.006684030972630095,-0.011039215159625138,0.04010955274601821,-0.006853665612988558,-0.009714757366986071,-0.04324566384229567,0.05847551269888458,-0.023219460544393,-0.03639571014448828,-0.05285630220332824,-0.008652558285633216,-0.04548322567135535,-0.10464450131918188,-0.088374131605375,0.004881974255162125
-0.015360295460867701,-0.0019280130539892637,-0.014414877480311006,-0.011253795236754072,0.009462620800767374,0.007951545888902012,-0.03356786686997071,-0.033076351613309074,-0.005057748506176907,-0.007112014824475932,0.0,-0.030479892897006367,0.02165005447902535,0.019741982508338862,-0.012716744008408498,-0.04377468012935215,-0.007366402972304648,-0.029956162648159257,-0.03185521184358675,-0.009601868328081797,0.004014019796087176,-0.06043110180628192,-0.09750560770073002,0.0,0.013170133536977435
-0.006137492004582967,-0.017255440636855024,-0.0009007619617262957,-0.005418999557592508,-0.009143057849924807,0.0,-0.028078807533103545,-0.0044028099851569635,0.0,-0.0218184579019558,-0.026493947456100675,-0.006257342723849424,-0.0023812521609941073,0.012820565703614173,0.0,-0.034430492838101456,-0.04051162673654185,-0.025764487970559746,-0.05035628106607737,-0.007434036839031211,0.0,-0.030292327887935733,-0.04939878866505648,-0.005971382898827482,-0.010041940089702439
0.0193291505397441,0.02679412099589845,0.04189763429878757,0.008983975186675264,0.00904466332074616,0.0,0.01078730122981042,0.052840133270192435,0.003873089745053404,0.06460192695308681,0.023577469906604143,0.06319049396350451,0.003967906499257989,0.0,0.0,0.06409838479769431,0.07128751238963893,0.04604435298052334,0.05821538928127919,0.0,0.0,0.011180396619607624,0.050590869990490006,0.0,0.0
0.012404242488629591,0.013363112180484138,0.0,0.0,0.022005931646258914,0.0,0.021405712959572137,0.04132592606981533,0.0,0.03217689307732646,0.0,0.019338060738103485,0.0,0.0,0.0031057056546611173,0.029593266157772302,0.09129693003927025,0.02084320263362638,0.010507350967459583,0.09706229180323844,0.003261876997316948,0.03737668138150574,0.08433126952487385,0.09090631764868018,0.0
-0.0039265416387950225,-0.008949388978099715,-0.023189937081204537,0.005885362355512458,0.005490794613129971,0.02010884817222383,-0.014646544241581905,-0.04506861914797339,0.005023975552086918,-0.03187668045551734,-0.010142609825200266,-0.017507396306827933,0.022839907385392433,-0.001162768075432502,-0.0039585624423288945,-0.024986702437722275,-0.04044406053322272,-0.013872776526722141,-0.0409012180040253,0.0,0.004462772647074703,-0.05511402505851726,-0.07920633460476761,-0.01364699215488542,-0.0049007896241377025
0.051261633178541655,0.012477661191633238,0.016058166653159706,0.03916862095556761,0.0,-0.02611205072599898,0.026296817367342518,0.004726344171321006,0.0,0.029431577693272537,0.0,0.054865230117151054,-0.03676840661115244,0.0,0.0,0.06389210528843603,0.0967134245298844,0.03816966710463873,0.039332364723165925,0.03494195286804269,0.011311982376284224,0.061019744501550344,0.10942960589124712,0.019369563947599838,-0.015281233253092386
0.0,0.0,0.009877778884781974,0.0,0.03224429910801219,0.0,0.044102100196667715,0.01623787556533124,0.03534165089633873,0.04156470387308053,0.00259686957638805,0.0,0.0,0.0,0.0027831934207566134,0.08148002281466854,0.07595933023176117,0.0713089597988743,0.05370881106095293,0.030879849474348076,0.003007903902761344,0.007959036903174399,0.07195259322268865,0.07315129507080331,-0.023851502032794847
-0.0284629786987744,-0.008338695121731715,0.006949704500634257,-0.0013868189464643632,0.014520101438482397,-0.019240296692464853,-0.03648393980235265,-0.003612481781671825,0.0,-0.04442958165018088,-0.009069089553307541,-0.013727612618458354,0.033688038208159576,0.0,-0.023482368118220687,-0.02828525961967493,-0.020400821046646922,-0.01397714820718296,-0.03486142848426774,-0.019445418633728118,-0.007707738690456628,-0.02655637446578979,-0.06077573546682838,-0.02460914768245509,0.0
0.01922741306745407,-0.029271393919433564,0.009886489299236523,0.010179297405655985,0.0,-0.02043232724057706,0.017914181933474826,0.03522071566645765,-0.026459631002989092,0.11032302317482946,0.009450777853274805,0.1261209261639566,-0.04429230707121393,0.0,0.011639474385220283,0.06251607530559838,-0.02059975750181048,0.06764669930097383,0.06451836585592172,0.02362539965025806,0.007490468699750286,0.04493971494435217,0.1093757797856103,0.03345812673320436,0.007827259479389559
0.0,0.008464547643431575,0.01071621860666766,0.00416291257514062,0.0,0.0049238370964941325,0.03764503867911073,0.043718614929265986,0.0,0.0,0.04326161524418504,0.05909235320527695,0.010879741490999795,0.0026777453595642764,0.028260802062982787,0.06167982440902098,0.0,0.04598625972372289,0.03842241828924309,0.022205358912981088,0.0,0.03728608984197612,0.15690206425529996,0.01401932964323116,0.0
-0.017992896025170624,0.015091817048536682,-0.01699506426941244,-0.014744083621716905,0.0,0.014874586462449463,-0.015733715128133985,-0.034650338338454295,-0.012696012975453391,0.0,0.0,-0.004538134649625894,0.014914022259646026,0.004616190550045363,-0.014711849584320424,-0.04798578836958095,0.015993850769308315,-0.02067632032734562,-0.03914338904301706,-0.022035388951714335,0.00540265689323427,-0.051790146761336475,-0.09912923147724628,-0.006948599055068672,0.0
-0.018509371174811412,-0.014888039641366146,-0.016203252679639624,0.0,0.0,-0.0014486545055368838,-0.02389714551954583,-0.011668126768169529,0.0,-0.00974151170302745,0.0,-0.014456608901381562,0.019911546783576414,0.008010558345308505,-0.009597021350074258,-0.046599442669720714,0.0,-0.031665174604902646,-0.03785281603080959,-0.007501375148890682,0.0,-0.05068878658260942,-0.05499316374996452,-0.04584458253678225,0.00911173003072746
-0.01760556581039291,0.011590348082190616,-0.006777354822675219,-0.007949651167456384,-0.005978382167869278,0.006395316295223108,-0.020427659000263443,-0.03656964675385338,0.012124147937040808,-0.01832877668937452,-0.016446373637717338,-0.017954676931339897,-0.013482900052403934,0.0,-0.009569384489680255,-0.039994436675120565,0.0,-0.028478519258834933,-0.03666590913943929,0.008173301679394618,0.009870950398980172,-0.03374349837594631,-0.057833998686761035,-0.049083850068107115,0.0
0.00332562321746388,0.02402005404490913,0.005249933654674632,0.016376709517425175,0.0,0.0,0.004554860828977325,0.025725869166195736,0.0,0.07857932641453585,0.0276274518631201,0.08709126684683766,0.0,0.0,0.00787509243978135,0.10267875282791089,0.01241682986670889,0.02912347952499661,0.10472511222006586,0.0,0.0,0.0,0.08440821673481985,0.0,0.01652619280017187
-0.010617958867642108,-0.0514435352016064,-0.009367722935067102,0.0,-0.014070130853065299,0.00947803189909327,-0.0022846263623104157,0.0,-0.011486754271699567,-0.029935740875276895,-0.016117245826333226,-0.046175692096802556,0.021938074672362307,0.0,-0.013728771800176856,-0.021057210707674134,-0.10067449863657771,-0.02901827266402532,-0.03484745173463541,0.0,-0.009546640132874429,0.0,0.024137120111787758,-0.03931343066818119,0.017225991946938357
-0.007028893010199044,-0.013162941904765885,0.0,-0.010384887018639044,-0.010494086013029869,0.014317997754574686,-0.014239898225442027,-0.032488128714851544,0.019154556745720308,-0.03894912383009633,0.0,-0.026353285970893814,0.033172590402078365,0.0,0.0,-0.022549138983055522,-0.026873366886482147,-0.020907844165317713,-0.027567457457969513,-0.033140521614071605,0.0,-0.02958454283071213,-0.07867666533125134,-0.05859024603389651,0.018488255872936732
0.0,0.05060178236394264,0.012701741419646528,0.01070923869478263,-0.03820417153617561,0.0,0.036800167498742486,0.029164387326040542,-0.016227996909632503,0.10234636467074232,0.01002550273708902,0.10504124467955067,0.0,0.061546436094249035,-0.0075216742020493416,0.06529772013747584,0.0,0.06040375536613024,0.05781107547656772,0.014404277387076253,0.0,0.0,0.07220405176842698,0.0,0.003200868995989259
-0.007128902376603297,-0.014299959207994761,-0.025790128726731143,-0.006722618454981233,0.0,0.014712054537535713,-0.019343278344790688,-0.03842668131457594,-0.017923919359917218,-0.022842267033871655,-0.0180642028304292,-0.025290487910638412,0.034279353345882335,0.0,0.00878385214282229,-0.031424134941036796,-0.03619967572572841,-0.0376020482986586,-0.04509339765345649,-0.01047126336525045,0.007491268729458933,-0.021956890073200508,-0.04289561582766964,-0.026874288500692067,0.013487608770589354
-0.009383351232107508,0.04312643363032887,0.02505837743095668,-0.014475654288361145,-0.01387634375549135,0.0,0.0,-0.038238618735088326,0.04189651117439178,-0.038120971443813934,0.0,0.0,-0.03271735075762475,0.019071396258995954,-0.02395794613099994,-0.007638948510328064,0.16551111262653403,-0.027720514198802615,-0.019354404352470503,-0.107812243582983,-0.017752074553325323,-0.02647992282918807,-0.05441978533518721,-0.13500048900189446,0.0
0.05182820587479342,0.013121997235512217,0.032555541607593885,0.04010465376234573,0.006669819374888308,0.0,-0.042110692832318775,-0.04799883387533466,0.0,0.07796927010134047,0.014335730409860914,0.07256284031410809,0.016182752573002057,-0.03817604879386882,0.0,0.0827909265313016,0.11069965802629111,0.04412986083961723,0.12155665460455056,0.0,0.026993131464377873,0.014920355013133935,0.019580504383834324,0.012588445353565403,0.0
